"type","id","parent_id","author","body","score","created_utc"
"post","1tdaa1t",NA,"ControlCAD","",107,1778790524
"comment","oltumpq","t3_1tdaa1t","AshuraBaron","Paying $1,900 for a Motorola phone is the biggest money pit in the modern era. Only superseded by the Apple Vision Pro. ",93,1778790657
"comment","olwrjyt","t3_1tdaa1t","IAteMyYeezys","No foldable will ever fit in my budget. Hell, even regular slab phones are reaching foldable prices in some extreme scenarios (Global x300 Ultra costs like 2k where i live. Fucking insane, the CN model is half that).",5,1778831222
"comment","olusrs9","t3_1tdaa1t","bulwark26","Anyone know if it's certified for at&amp;t?",4,1778801433
"comment","om7uikj","t3_1tdaa1t","noproblemforme","Got it for under 1k with a s25 edge I had sitting around ",3,1778974805
"comment","olzrkfp","t3_1tdaa1t","ihtc","samsungs are equally overpriced they drop to 1200-1300 on local marketplace almost immediately after launch. Best deal with them is staying 2 years behind with the trade program. Now with motorola they are offing basically $500 off you can take the biggest piece of crap trade and get $500 bonus plus $95 5% off for news letter sign up makes the phone basically $1300  which isnt terrible out of the gate . ",2,1778868613
"post","1swpl71",NA,"SuggestionNo3506","And I don't think I'll be switching back. I have an S24+ but wanted to use my 1TB micro SD card for all my lossless music. We happened to have a moto g stylus 2025 sitting around so I tried it. I'm blown away. Performance is flawless, camera is accessible (which is great for a moto), battle life is amazing. Also, the ""chop motion"" to turn on the flashlight.... I don't know if I can go without it now. Not to mention, ""twist to turn on camera"". All phones should have something like this. This is the best midrange phone I've used in years and years. I mean come on, it has a headphone jack and a micro SD card slot. Motorola, if you keep this up you will keep me. Nobody else is doing these things. I'm buying my dad one to replace his 2022 Moto G Power. ",74,1777253213
"comment","oij6bvo","t3_1swpl71","skyhawk122","Yeah, Motorola makes great midrange phones with cool features, but I ultimately left them after seeing how much better Samsung screens are. Now I'm with OnePlus because of a good deal and I don't miss Samsung at all. ",24,1777285530
"comment","oij00j6","t3_1swpl71","iHadou","*Databrokers? nope. Social networks? Also nope. This post was deleted using [Redact](https://redact.dev).* practice grandiose cobweb march ad hoc wipe dinosaurs plucky fall dolls",11,1777282199
"comment","oijcsp7","t3_1swpl71","mywavedude","Google Fi has that phone on sale now for 99$ ",6,1777288484
"comment","oikn87e","t3_1swpl71","FancyKetchupIsnt","Got one myself recently, as my Xperia 1 V finally bit the dust, and I've been blown away at the performance for the price. You can get unlocked models ALL DAY on eBay for about $200, and it's genuinely just fine at doing pretty much everything I want to do with it, while still having the all-important sd card slot/3.5 jack.  It's a little bigger than I'd like, and I really miss the Sony aspect ratio, but for the price it's absolutely unbeatable.",5,1777303437
"comment","oij4j0m","t3_1swpl71","Digitalrules","I love my 2025 Stylus, but wish Motorola could improve the speakers to sound as good as their older stereo models.  (Original Moto G Power, etc . . ) The speakers are good &amp; loud, but lack the depth you get with even ""A"" series Samsung stereo models. Another nit-pick is the red push on the screen compared to Samsung, but Samsung makes the BEST OLED screens.",5,1777284610
"comment","oik63hm","t3_1swpl71","lalochezia1","How's the security update situation in the US?",4,1777298711
"comment","oijsvbk","t3_1swpl71","The0NoHero","The Stylus is my dedicated gaming phone! Amazing screen specs and Snapdragon chipset makes it a great emulation device. I’ve used it as a regular phone too and it’s great feeling phone. I don’t have any use for its camera so it basically got no flaws for all the features it has ",3,1777294564
"comment","oim3dr8","t3_1swpl71","Polymathy1","I miss my Motorola feature to hold a volume button to skip to the next song or restart the current one.",3,1777317767
"comment","oioqhd8","t3_1swpl71","Smaug117","Quite a good phone, cheap and durable.",3,1777349416
"comment","oikeq8r","t3_1swpl71","rlowens","There are many apps that do the ""shake for flashlight"", for any Android device. The one I prefer is [Shake Flashlight - Quick Torch by Kalantos - AR](http://play.google.com/store/apps/details?id=com.kalantos.shakelight&amp;hl=lv) (some others I tried kept being put to sleep in the background and not working, but this one has been reliable for me.)",2,1777301140
"comment","oiltjua","t3_1swpl71","HoppyBadger","Just picked one up, I am excited to try it out.",2,1777315016
"comment","oim710s","t3_1swpl71","JamesR624","&gt; battle life is amazing But I guess the autocorrect on it is still shit?",2,1777318806
"comment","oiodvg4","t3_1swpl71","ryanc99","I just wish Motorola would be better with keeping their phones up to date. My first android phones were Motorola and I loved them all.",2,1777344441
"comment","oilse12","t3_1swpl71","RangeRattany","I've got a Moto 2021 and love it. With a good set of earbuds, the sound is amazing. Next phone still be another Motorola. ",4,1777314689
"comment","oikps6u","t3_1swpl71","ej102","It was free on straight talk for a bit. I regret not getting it.",1,1777304143
"comment","oisgcbj","t3_1swpl71","Rishabh_0507","I have the same phone I think, here we call it motorola edge 60 stylus. Absolutely great phone. Apart from the camera OIS going haywire due to too many flashlight motions..and the screen being cheap, I loved everything including the software and having recently switched to iPhone( a gift from my father) I sorely miss the android ecosystem. Including a blockers, better browsers, revanced, the launchers etc.",1,1777399444
"comment","oj5okzp","t3_1swpl71","Adno","Literally the same reason why I'm getting one after my s20 screen has finally broken.",1,1777566472
"comment","oiin1q7","t3_1swpl71","Raminax","Wassup G",1,1777274853
"comment","oikad71","t3_1swpl71","richg0404","Having the camera as accessible is a big plus. Also having a battle life  is important too. By the way, how do you just happen to have one of these just sitting around?",1,1777299935
"comment","oijzg7m","t3_1swpl71","FuHaifeng","You selling your S24+?",0,1777296685
"comment","oiin0xb","t3_1swpl71","skylinestar1986","How many major OS updates are we getting?",-9,1777274841
"post","1t0rjh9",NA,"Nexusyak","",56,1777637206
"comment","ojb7keq","t3_1t0rjh9","yorokek05","Google gonna remain in trouble till they up their tensor game.",66,1777639929
"comment","ojh0zoc","t3_1t0rjh9","GettingThingsDone3","Hardware battle: Motorola   Software battle: Google   User: confused",8,1777712153
"comment","ojc1ywx","t3_1t0rjh9","mav194","I'd seriously consider trading in my P10 for Razr if it weren't for the shitty OS updates Motorola can't seem to improve.",20,1777648908
"comment","ojdlla8","t3_1t0rjh9","Nexusyak","Google should be embarrassed by the tensor processors. They try and sell these phones off as flagships but they're real they're honestly Mid-Grade phones. The software is super high-end but the hardware isn't unfortunately.  When you compare the high-end Qualcomm chip to the tensor it becomes quite evident that you're not comparing apples to apples really quickly. Lot of people like to say I don't know if you're just a difference or it's okay for me but realistically every benchmark every review says different. I've owned every Google phone since the Nexus One. I do love the software experience and I'm into ecosystem deep. However the years of neglect of the hardware starts to take a toll and after a while you're going to want to make a switch.  I can't think of any good reason why to stick with the tensor for their devices any longer. They do it for costs not for performance. I would like the option to be able have a Qualcomm processor my Pixel. Even if it cost me extra money.  ",3,1777664348
"comment","oje7exd","t3_1t0rjh9","alilhillbilly","&gt; Google is in trouble Google doesn't give a shit.  There's never been a single year where Google has made a proper Android flagship. They've never once made the DEFINITIVE Android phone of any release year. They just release junk hardware for fanboys of ""vanilla"" Android and penny pinchers. It's nice to see Motorola trying again. Samsung is still better than Pixel but they also have completely given up on innovating or even maintaining the feature set they have and with each new release their phones weirdly get less capable.",6,1777670771
"comment","ojbj2gc","t3_1t0rjh9","new_handle","Samsung as well.",4,1777643555
"comment","ojf5p0n","t3_1t0rjh9","Kernel-Mode-Driver","Do normal people actually care about fold phones? I have never seen someone who isnt minted using one lol, idk if googles exactly in trouble",-2,1777682470
"post","1tczaej",NA,"FragmentedChicken","",43,1778767644
"comment","ols5vr9","t3_1tczaej","newecreator","He's right that it would've been a good idea to include the stylus inside the foldable.",19,1778773978
"comment","olsd35m","t3_1tczaej","jercubsfan","The review is good and the phone looks good too, but I'm most excited about his weather app recommendation. Gradient Weather is really great and honestly is the closest ""clone"" to DarkSky I've seen on android.",20,1778775909
"comment","olt98nl","t3_1tczaej","JayRU09","So it's good, probably better than other foldables, but maybe came out too late?  Do I get this criticism right?",6,1778784610
"comment","olu2caq","t3_1tczaej","LastChancellor","they are clearly competing with the Vivo X Fold6's price bracket, so I wanna see how that ends up first",2,1778792904
"comment","olwxea8","t3_1tczaej","KKLC547","Sad though that high end motorola never get good carrier deals.",1,1778834434
"comment","oly89ug","t3_1tczaej","Pak2704","Pretty Cool. ",1,1778853203
"comment","olsjhx4","t3_1tczaej","phero1190","From other reviews, the Razr Fold seems to compete fairly well with the Oppo Find n6, which is amazing to see honestly.  Shame that they took so long to make a large fold but it seems like a great one. We'll have to see how updates go though since Moto usually isn't good with them.",1,1778777641
"comment","oltsxbj","t3_1tczaej","Bad_Edditor8910","At least two of either 'better', 'cheaper' or 'earlier', huh? Is the folding iPhone doomed?",-1,1778790173
"post","1tjqo52",NA,"FragmentedChicken","",30,1779382746
"comment","on8n1bk","t3_1tjqo52","donnysaysvacuum","Still considering the Razr for my next phone, but definitely hard to justify $1500. Glad the base razr is still a thing.",6,1779454853
"comment","on4ey05","t3_1tjqo52","dirtydriver58","Did he mention the silicon carbon battery? He didn't mention it in his Moto Razor Fold .",1,1779394405
"comment","on7yu5h","t3_1tjqo52","scotchsittingroom","Odd title  Guy just refuses to get to the fucking point ",-11,1779445745
"post","1sz34f6",NA,"Brown_Sage","",33,1777478611
"comment","oiytf0r","t3_1sz34f6","ShakeAndBakeThatCake","Premium pricing.  The razer fold and ultra look cool.  Great hardware.  But software support is meh.  Only 3 android OS updates promised and 5 years of security updates.  Samsung and Google promise at least 7 years of OS and Security Updates.  Apple doesn't explicitly state theirs but usually give 6 to 7 years of support too.  ",20,1777480249
"comment","oiz1u2a","t3_1sz34f6","Major_Enthusiasm1099","Wait a few months to buy and you'll be able to get it like half off. I learned my lesson from buying the Razr Ultra 2025 at launch ",5,1777482504
"comment","oiyrgk8","t3_1sz34f6","StolenLampy","They could make them the most impressive spec'd phone of all time but I'm not touching that crappy software support with a 10-ft pole! Guarantee 5-7 years of OS and security updates or GTFO. ",3,1777479714
"comment","oj9sk9o","t3_1sz34f6","GroundedGeeking","I have a razr ultra 2025. I bought it used. Saw no damage in it. Just under $500. like 6 months after the phone came out. Motorola may have the best flip phone but the used prices aren't bad. The phone has so little difference from the 2025 model, you may as well buy that one. Phone works well",1,1777615804
"comment","oiz7dh3","t3_1sz34f6","Zeraora807","what makes it a razr other than having a motorola badge on the back? it literally looks like every other folding clamshell phone...",0,1777483963
"comment","oiytsxi","t3_1sz34f6","Loud-Possibility4395","$1900 trash phone after 3 year - nice",-4,1777480356
"post","1t4a3v7",NA,"ControlCAD","",24,1777972475
"comment","ok80jj8","t3_1t4a3v7","Miraclefish","It's not remotely their first foldable. It is their first larger, horizontal foldable phone. But there's no way you can suggest that just because the last 6 years of Razr phones folded vertically that they aren't foldables.",26,1778061647
"comment","ok6jios","t3_1t4a3v7","Relative_What","i'm sorry but did the author of the video miss the 6 years of folding razor phones before? motorola has had a phone with a folding/bendable display since 2019, with the motorola razr 5G (also known as the Motorola Razr 2019), and then there was the 2020 model, and the 2022 model, and the 2023 model, 2024 model, a 2025 model, and even a 2026 model. and ALSO they made this book style one. granted they were flip style, they are STILL folding phones with the exact same bendable LCD tech this book style one has. edit: jesus christ. he even acknowledges this in the first few minutes of the video but then immediately contradicts himself: ""motorola has been making folding phones for a while, but now they make their first foldable..."" if they have been making folding phones for a WHILE, how the fuck is this the 'first'!?",15,1778036047
"comment","okboz95","t3_1t4a3v7","Toronto-1975","why would i listen to anything this dullard has to say when they state factually incorrect things in the *title* of their stupid video?  this is not Motorola's first foldable. edit - to the loser who called me stupid then deleted their comment - a flip phone is still a foldable because, believe it or not, IT FOLDS.  maybe *you're* stupid?",6,1778100526
"comment","okuasx9","t3_1t4a3v7","Investing2Rich","Lots of inaccuracies in this video. Motorola is also offering 7 years of updates",1,1778342137
"comment","omu7zhs","t3_1t4a3v7","Inside-Sprinkles3228","Would the inner screen get damaged by the stylus?  I thought since the inner screen is super fragile and vulnerable to anything it would be damaged?",1,1779273161
"comment","ok7elim","t3_1t4a3v7","antisp1n","Welcome to the club Motorola, but sad to see the crease when minimal-crease is the milestone for 2026 foldables.",0,1778049969
"comment","okexqo0","t3_1t4a3v7","beapropermuslim","Razr laughing folded in the corner",0,1778145864
"post","1sz3as2",NA,"FragmentedChicken","",20,1777478982
"comment","oiyrxch","t3_1sz3as2","BeerorCoffee","I like the Razr but that pricing is just wild. ",10,1777479842
"comment","oj3o8r3","t3_1sz3as2","box-art","Insane pricing for a phone that received so few upgrades that it rivals Samsung. ",17,1777541803
"comment","oj7x93l","t3_1sz3as2","z28camaroman","If RAM price increases meant a MSRP price bump was unavoidable, the least they could have done was add a few ""premium "" value additions to ""justify"" it. Qi 2.2 Magnets (Magsafe) aren't that expensive and certainly help sell the caseless aesthetic the phone is going for. Considering the final price and spec re-use, it's the least they could have done. ",5,1777589986
"comment","oj92zkt","t3_1sz3as2","Slowpc","Can just grab a 2025 for 799 with 1tb and free headphones. Why grab a 2026 with those little upgrades .",4,1777604767
"comment","okdiu43","t3_1sz3as2","the-Vibe","Darn, I was really hoping for an IP68 certification...",1,1778121761
"post","1sz3c02",NA,"FragmentedChicken","",19,1777479048
"comment","oiz3gam","t3_1sz3c02","Endda","With this new feature, **Google Photos** helps users capture the clothing items and accessories from their photo library, generating clean, snapshot images of the pieces. The result is an organized view of the user’s closet. From there, users can easily mix, match and try-on different outfits and even share them with friends right from their Google Photos app. With wardrobe, a user can save their favorite looks and get inspired by the clothes they already own. Motorola is also integrating Google Photos Memories in its new software feature, **Daily Drops**, a personalized content feed that refreshes twice a day based on users’ interests. From the latest headlines to a calendar overview^(2) and even weather updates, Daily Drops makes each update meaningful and relevant to each user. By directly integrating Google Photos^(3) Memories in Daily Drops, we’ve made it effortless for users to rediscover and relive their favorite moments every day. This is the first time memories have been integrated in this type of personalized content feed on a mobile device.  ",8,1777482930
"comment","oizmbza","t3_1sz3c02","Unlucky-Tune-420","Woah. This is worthless! ",9,1777487949
"comment","oj0z3qj","t3_1sz3c02","punIn10ded","I can see the clothing features being popular with women. Though I'm not sure why it's part of google photos it would make more sense as a standalone app that can be combined with shopping.",5,1777501679
"comment","oj4k7az","t3_1sz3c02","FartingBlowtorch","i still haven't met a single person that uses google photos since the creepy spying app they tried to add in behind everyone's back. ",1,1777554718
"post","1t3969h",NA,"Blader_9401","https://preview.redd.it/2oyy428k92zg1.png?width=2182&amp;format=png&amp;auto=webp&amp;s=6479a2158884c1b397afb31fddff69e49b2a9134 Hey everyone! I’ve recently been diving into the world of foldables and fell in love with the Motorola Razr. In my country, Samsung is everywhere and Motorola is pretty low-key and underrated, but I decided to go against the grain and picked up the Razr 60 as my gateway into both Motorola and the foldable world. Lets share all the experience with this foldable phone, both good and bad things, any optimized setting, set up, tips and trick,... in the comment. Im really exciting to receive all of your opinions! ",6,1777874532
"comment","ok8oyr2","t3_1t3969h","Aurelink","I really liked my Razr 60 Ultra and then Moto came in, updated it to A16, and broke some basic features from the outerscreen, never fixed them, and ultimately sold it. It was a raelly nice device other than that : Great battery, great performances.",2,1778071328
"comment","olfh4tj","t3_1t3969h","FartingBlowtorch","LOVE my razr, software and all but it's a bitch to get the inner screen protector fixed. ifxubreak never does it right in my area. ",2,1778613853
"comment","ok74jaq","t3_1t3969h","WatchfulApparition","It's not for me, bit I think the Razr is a really cool phone.",1,1778044978
"post","1szdkeo",NA,"ControlCAD","",0,1777501169
"comment","oj1d2e5","t3_1szdkeo","CoffeeLoverSupremo","His favorite phone for at least the next 10 minutes ",43,1777506319
"comment","oj1bnzp","t3_1szdkeo","Loud-Possibility4395","Guy got Motorola pass and already sold  to them",7,1777505850
"comment","okf468o","t3_1szdkeo","v1tru","I have it and can't use because there arent full covers. Hinge stays exposed with official cover",1,1778149083
"comment","oli0s1x","t3_1szdkeo","noproblemforme","Any ideas for usa trade in pricing? ",1,1778642881
"comment","oms1a6r","t3_1szdkeo","xmrlewis1x","With trade in they're giving $500 on top of whatever trade value they give for your trade in phone. Go buy you a Motorola Moto G from Walmart for $30 and use that to get the $500 trade in deal, that's what I'm doing for my wife's trade in deal..",1,1779238458
"comment","oj1iuz2","t3_1szdkeo","HeadOfMax","Moto bloat is annoying AF on my 2025 moto stylus. ",-2,1777508274
"comment","oj4tugt","t3_1szdkeo","Lenn_4rt","There is only one direction a razor should fold.",0,1777557664
"post","1t20q5e",NA,"ControlCAD","",0,1777753421
"comment","ojkfl73","t3_1t20q5e","Raminax","Who's this guy who's this guy ",0,1777754269
